{
  "Table_1": {
    "Dataset 1 N = 104": {
      "N": 104,
      "cm": [
        [
          27,
          0,
          1,
          1
        ],
        [
          1,
          25,
          0,
          0
        ],
        [
          0,
          1,
          25,
          0
        ],
        [
          0,
          0,
          0,
          23
        ]
      ],
      "accuracy": 0.9615384615384616,
      "ci": [
        0.9052526421144639,
        0.9849431597029925
      ],
      "cohen_kappa": 0.948641975308642,
      "quad_kappa": 0.9420763404128917
    },
    "Dataset 2 N = 96": {
      "N": 96,
      "cm": [
        [
          26,
          0,
          1,
          0
        ],
        [
          1,
          22,
          0,
          1
        ],
        [
          0,
          0,
          24,
          0
        ],
        [
          0,
          1,
          0,
          20
        ]
      ],
      "accuracy": 0.9583333333333334,
      "ci": [
        0.8977182524353459,
        0.9836792632466969
      ],
      "cohen_kappa": 0.9442993907745866,
      "quad_kappa": 0.9454926624737946
    },
    "Mixed Dataset N = 200": {
      "N": 200,
      "cm": [
        [
          48,
          0,
          0,
          1
        ],
        [
          0,
          48,
          1,
          0
        ],
        [
          1,
          0,
          45,
          0
        ],
        [
          0,
          1,
          0,
          54
        ]
      ],
      "accuracy": 0.9798994974874372,
      "ci": [
        0.9494659655662251,
        0.9921562048605994
      ],
      "cohen_kappa": 0.9731606986310608,
      "quad_kappa": 0.9650441096104302
    },
    "LIMUC Dataset N = 1826": {
      "N": 1826,
      "cm": [
        [
          443,
          7,
          0,
          6
        ],
        [
          0,
          445,
          11,
          0
        ],
        [
          5,
          3,
          444,
          6
        ],
        [
          4,
          7,
          2,
          443
        ]
      ],
      "accuracy": 0.9720700985761227,
      "ci": [
        0.9634646983521874,
        0.978693435843083
      ],
      "cohen_kappa": 0.9627601165430882,
      "quad_kappa": 0.9633047505199082
    },
    "TMC-UCM Dataset N = 1596": {
      "N": 1596,
      "cm": [
        [
          393,
          1,
          5,
          0
        ],
        [
          0,
          385,
          11,
          3
        ],
        [
          5,
          6,
          391,
          0
        ],
        [
          4,
          0,
          0,
          392
        ]
      ],
      "accuracy": 0.9780701754385965,
      "ci": [
        0.9696545572125962,
        0.9841899668710976
      ],
      "cohen_kappa": 0.9707596829105893,
      "quad_kappa": 0.9733801355539842
    }
  },
  "Table_2": {
    "Dataset 1 \u2192 Dataset 2 N = 474": {
      "N": 474,
      "cm": [
        [
          118,
          0,
          1,
          0
        ],
        [
          1,
          110,
          2,
          3
        ],
        [
          1,
          5,
          119,
          0
        ],
        [
          3,
          2,
          0,
          114
        ]
      ],
      "accuracy": 0.9624217118992912,
      "ci": [
        0.9413856048726805,
        0.9760998476240615
      ],
      "cohen_kappa": 0.9498892821648388,
      "quad_kappa": 0.9473077668529761
    },
    "Dataset 1 \u2192 Mixed N = 992": {
      "N": 992,
      "cm": [
        [
          234,
          6,
          5,
          1
        ],
        [
          2,
          241,
          3,
          4
        ],
        [
          6,
          4,
          235,
          2
        ],
        [
          1,
          3,
          1,
          249
        ]
      ],
      "accuracy": 0.9618856569709128,
      "ci": [
        0.9481187559989126,
        0.9721069263567317
      ],
      "cohen_kappa": 0.9491762572121931,
      "quad_kappa": 0.9567341421606248
    },
    "Dataset 2 \u2192 Dataset 1 N = 518": {
      "N": 518,
      "cm": [
        [
          125,
          6,
          0,
          0
        ],
        [
          0,
          122,
          6,
          1
        ],
        [
          5,
          0,
          123,
          1
        ],
        [
          0,
          2,
          1,
          126
        ]
      ],
      "accuracy": 0.9575289575289575,
      "ci": [
        0.9365340190992575,
        0.9717878594615094
      ],
      "cohen_kappa": 0.9433716619791097,
      "quad_kappa": 0.964477811303653
    },
    "Dataset 2 \u2192 Mixed N = 992": {
      "N": 992,
      "cm": [
        [
          243,
          5,
          0,
          1
        ],
        [
          3,
          237,
          4,
          2
        ],
        [
          4,
          6,
          242,
          1
        ],
        [
          0,
          0,
          5,
          244
        ]
      ],
      "accuracy": 0.9689067201604814,
      "ci": [
        0.9562041561592272,
        0.9780097558956342
      ],
      "cohen_kappa": 0.9585416957300911,
      "quad_kappa": 0.9771131262940292
    },
    "Mixed \u2192 Dataset 1 N = 518": {
      "N": 518,
      "cm": [
        [
          126,
          1,
          0,
          2
        ],
        [
          1,
          122,
          4,
          0
        ],
        [
          2,
          5,
          126,
          0
        ],
        [
          1,
          0,
          2,
          126
        ]
      ],
      "accuracy": 0.9652509652509652,
      "ci": [
        0.9457438214526613,
        0.9779083841729307
      ],
      "cohen_kappa": 0.9536649604929682,
      "quad_kappa": 0.9628198533370019
    },
    "Mixed \u2192 Dataset 2 N = 474": {
      "N": 474,
      "cm": [
        [
          114,
          1,
          0,
          1
        ],
        [
          0,
          121,
          4,
          0
        ],
        [
          1,
          4,
          114,
          0
        ],
        [
          2,
          0,
          0,
          117
        ]
      ],
      "accuracy": 0.9728601252609603,
      "ci": [
        0.9541242756615618,
        0.9840719093971836
      ],
      "cohen_kappa": 0.9638038771180283,
      "quad_kappa": 0.9660877753155819
    }
  },
  "Table_3": {
    "Dataset 1 \u2192 LIMUC N = 9127": {
      "N": 9127,
      "cm": [
        [
          2059,
          1,
          0,
          0
        ],
        [
          130,
          1807,
          187,
          30
        ],
        [
          0,
          189,
          2164,
          11
        ],
        [
          16,
          4,
          14,
          2515
        ]
      ],
      "accuracy": 0.9362331543771228,
      "ci": [
        0.93103461076597,
        0.941064642028402
      ],
      "cohen_kappa": 0.9147461222817987,
      "quad_kappa": 0.9649597033875046
    },
    "Dataset 2 \u2192 LIMUC N = 9127": {
      "N": 9127,
      "cm": [
        [
          1937,
          11,
          13,
          98
        ],
        [
          104,
          1821,
          130,
          105
        ],
        [
          0,
          169,
          2211,
          0
        ],
        [
          20,
          8,
          6,
          2494
        ]
      ],
      "accuracy": 0.9272488221759614,
      "ci": [
        0.9217387079422341,
        0.9323994400601904
      ],
      "cohen_kappa": 0.9026989059870876,
      "quad_kappa": 0.9138475255241046
    },
    "Mixed \u2192 LIMUC N = 9127": {
      "N": 9127,
      "cm": [
        [
          2143,
          14,
          75,
          49
        ],
        [
          18,
          2160,
          18,
          87
        ],
        [
          108,
          28,
          2134,
          12
        ],
        [
          5,
          102,
          27,
          2147
        ]
      ],
      "accuracy": 0.9405061904240166,